<?xml version="1.0" encoding="UTF-8"?>
<!DOCTYPE mapper PUBLIC "-//mybatis.org//DTD Mapper 3.0//EN" "http://mybatis.org/dtd/mybatis-3-mapper.dtd">
<mapper namespace="net.project.mapper.MobileFoodFacilityPermitMapper">

    <!-- 通用查询映射结果 -->
    <resultMap id="BaseResultMap" type="com.example.demo.model.MobileFoodFacilityPermitDO">
        <id column="locationid" property="locationid" />
        <result column="Applicant" property="applicant" />
        <result column="FacilityType" property="facilitytype" />
        <result column="cnn" property="cnn" />
        <result column="LocationDescription" property="locationdescription" />
        <result column="Address" property="address" />
        <result column="blocklot" property="blocklot" />
        <result column="block" property="block" />
        <result column="lot" property="lot" />
        <result column="permit" property="permit" />
        <result column="Status" property="status" />
        <result column="FoodItems" property="fooditems" />
        <result column="X" property="x" />
        <result column="Y" property="y" />
        <result column="Latitude" property="latitude" />
        <result column="Longitude" property="longitude" />
        <result column="Schedule" property="schedule" />
        <result column="dayshours" property="dayshours" />
        <result column="NOISent" property="noisent" />
        <result column="Approved" property="approved" />
        <result column="Received" property="received" />
        <result column="Prior_Permit" property="priorPermit" />
        <result column="ExpirationDate" property="expirationdate" />
        <result column="Location" property="location" />
        <result column="Fire_Prevention_Districts" property="firePreventionDistricts" />
        <result column="Police_Districts" property="policeDistricts" />
        <result column="Supervisor_Districts" property="supervisorDistricts" />
        <result column="Zip_Codes" property="zipCodes" />
        <result column="Neighborhoods_old" property="neighborhoodsOld" />
    </resultMap>

    <!-- 通用查询结果列 -->
    <sql id="Base_Column_List">
        locationid, Applicant, FacilityType, cnn, LocationDescription, Address, blocklot, block, lot, permit, Status, FoodItems, X, Y, Latitude, Longitude, Schedule, dayshours, NOISent, Approved, Received, Prior_Permit, ExpirationDate, Location, Fire_Prevention_Districts, Police_Districts, Supervisor_Districts, Zip_Codes, Neighborhoods_old
    </sql>

</mapper>
